[{"Epoch Time of Scrape":1724983003146,"Team Name":"Boston Bruins","Year":"1990","Win %":0.0055000000000000005},{"Epoch Time of Scrape":1724983003263,"Team Name":"Boston Bruins","Year":"1990","Win %":0.0055000000000000005},{"Epoch Time of Scrape":1724983003413,"Team Name":"Boston Bruins","Year":"1990","Win %":0.0055000000000000005},{"Epoch Time of Scrape":1724983003606,"Team Name":"Boston Bruins","Year":"1990","Win %":0.0055000000000000005},{"Epoch Time of Scrape":1724983003844,"Team Name":"Boston Bruins","Year":"1990","Win %":0.0055000000000000005},{"Epoch Time of Scrape":1724983003993,"Team Name":"Boston Bruins","Year":"1990","Win %":0.0055000000000000005},{"Epoch Time of Scrape":1724983004101,"Team Name":"Boston Bruins","Year":"1990","Win %":0.0055000000000000005},{"Epoch Time of Scrape":1724983004206,"Team Name":"Boston Bruins","Year":"1990","Win %":0.0055000000000000005},{"Epoch Time of Scrape":1724983004321,"Team Name":"Boston Bruins","Year":"1990","Win %":0.0055000000000000005},{"Epoch Time of Scrape":1724983004421,"Team Name":"Boston Bruins","Year":"1990","Win %":0.0055000000000000005},{"Epoch Time of Scrape":1724983004564,"Team Name":"Boston Bruins","Year":"1990","Win %":0.0055000000000000005},{"Epoch Time of Scrape":1724983004779,"Team Name":"Boston Bruins","Year":"1990","Win %":0.0055000000000000005},{"Epoch Time of Scrape":1724983004907,"Team Name":"Boston Bruins","Year":"1990","Win %":0.0055000000000000005},{"Epoch Time of Scrape":1724983005010,"Team Name":"Boston Bruins","Year":"1990","Win %":0.0055000000000000005},{"Epoch Time of Scrape":1724983005111,"Team Name":"Boston Bruins","Year":"1990","Win %":0.0055000000000000005},{"Epoch Time of Scrape":1724983005196,"Team Name":"Boston Bruins","Year":"1990","Win %":0.0055000000000000005},{"Epoch Time of Scrape":1724983005321,"Team Name":"Boston Bruins","Year":"1990","Win %":0.0055000000000000005},{"Epoch Time of Scrape":1724983005458,"Team Name":"Boston Bruins","Year":"1990","Win %":0.0055000000000000005},{"Epoch Time of Scrape":1724983005571,"Team Name":"Boston Bruins","Year":"1990","Win %":0.0055000000000000005},{"Epoch Time of Scrape":1724983005659,"Team Name":"Boston Bruins","Year":"1990","Win %":0.0055000000000000005},{"Epoch Time of Scrape":1724983005757,"Team Name":"Boston Bruins","Year":"1990","Win %":0.0055000000000000005},{"Epoch Time of Scrape":1724983005848,"Team Name":"Boston Bruins","Year":"1990","Win %":0.0055000000000000005},{"Epoch Time of Scrape":1724983005929,"Team Name":"Boston Bruins","Year":"1990","Win %":0.0055000000000000005},{"Epoch Time of Scrape":1724983006011,"Team Name":"Boston Bruins","Year":"1990","Win %":0.0055000000000000005},{"Epoch Time of Scrape":1724983006121,"Team Name":"Boston Bruins","Year":"1990","Win %":0.0055000000000000005},{"Epoch Time of Scrape":1724983006214,"Team Name":"Boston Bruins","Year":"1990","Win %":0.0055000000000000005},{"Epoch Time of Scrape":1724983008118,"Team Name":"Los Angeles Kings","Year":"2002","Win %":0.00402},{"Epoch Time of Scrape":1724983008322,"Team Name":"Los Angeles Kings","Year":"2002","Win %":0.00402},{"Epoch Time of Scrape":1724983008424,"Team Name":"Los Angeles Kings","Year":"2002","Win %":0.00402},{"Epoch Time of Scrape":1724983008498,"Team Name":"Los Angeles Kings","Year":"2002","Win %":0.00402},{"Epoch Time of Scrape":1724983008579,"Team Name":"Los Angeles Kings","Year":"2002","Win %":0.00402},{"Epoch Time of Scrape":1724983008705,"Team Name":"Los Angeles Kings","Year":"2002","Win %":0.00402},{"Epoch Time of Scrape":1724983008798,"Team Name":"Los Angeles Kings","Year":"2002","Win %":0.00402},{"Epoch Time of Scrape":1724983008889,"Team Name":"Los Angeles Kings","Year":"2002","Win %":0.00402},{"Epoch Time of Scrape":1724983008988,"Team Name":"Los Angeles Kings","Year":"2002","Win %":0.00402},{"Epoch Time of Scrape":1724983009085,"Team Name":"Los Angeles Kings","Year":"2002","Win %":0.00402},{"Epoch Time of Scrape":1724983009191,"Team Name":"Los Angeles Kings","Year":"2002","Win %":0.00402},{"Epoch Time of Scrape":1724983009272,"Team Name":"Los Angeles Kings","Year":"2002","Win %":0.00402},{"Epoch Time of Scrape":1724983009362,"Team Name":"Los Angeles Kings","Year":"2002","Win %":0.00402},{"Epoch Time of Scrape":1724983009462,"Team Name":"Los Angeles Kings","Year":"2002","Win %":0.00402},{"Epoch Time of Scrape":1724983009628,"Team Name":"Los Angeles Kings","Year":"2002","Win %":0.00402},{"Epoch Time of Scrape":1724983009823,"Team Name":"Los Angeles Kings","Year":"2002","Win %":0.00402},{"Epoch Time of Scrape":1724983010013,"Team Name":"Los Angeles Kings","Year":"2002","Win %":0.00402},{"Epoch Time of Scrape":1724983010141,"Team Name":"Los Angeles Kings","Year":"2002","Win %":0.00402},{"Epoch Time of Scrape":1724983010277,"Team Name":"Los Angeles Kings","Year":"2002","Win %":0.00402},{"Epoch Time of Scrape":1724983010436,"Team Name":"Los Angeles Kings","Year":"2002","Win %":0.00402},{"Epoch Time of Scrape":1724983010547,"Team Name":"Los Angeles Kings","Year":"2002","Win %":0.00402},{"Epoch Time of Scrape":1724983010639,"Team Name":"Los Angeles Kings","Year":"2002","Win %":0.00402},{"Epoch Time of Scrape":1724983010738,"Team Name":"Los Angeles Kings","Year":"2002","Win %":0.00402},{"Epoch Time of Scrape":1724983010856,"Team Name":"Los Angeles Kings","Year":"2002","Win %":0.00402},{"Epoch Time of Scrape":1724983010964,"Team Name":"Los Angeles Kings","Year":"2002","Win %":0.00402},{"Epoch Time of Scrape":1724983011073,"Team Name":"Los Angeles Kings","Year":"2002","Win %":0.00402},{"Epoch Time of Scrape":1724983013164,"Team Name":"New York Islanders","Year":"2001","Win %":0.00512},{"Epoch Time of Scrape":1724983013319,"Team Name":"New York Islanders","Year":"2001","Win %":0.00512},{"Epoch Time of Scrape":1724983013423,"Team Name":"New York Islanders","Year":"2001","Win %":0.00512},{"Epoch Time of Scrape":1724983013516,"Team Name":"New York Islanders","Year":"2001","Win %":0.00512},{"Epoch Time of Scrape":1724983013613,"Team Name":"New York Islanders","Year":"2001","Win %":0.00512},{"Epoch Time of Scrape":1724983013693,"Team Name":"New York Islanders","Year":"2001","Win %":0.00512},{"Epoch Time of Scrape":1724983013798,"Team Name":"New York Islanders","Year":"2001","Win %":0.00512},{"Epoch Time of Scrape":1724983013873,"Team Name":"New York Islanders","Year":"2001","Win %":0.00512},{"Epoch Time of Scrape":1724983014041,"Team Name":"New York Islanders","Year":"2001","Win %":0.00512},{"Epoch Time of Scrape":1724983014220,"Team Name":"New York Islanders","Year":"2001","Win %":0.00512},{"Epoch Time of Scrape":1724983014384,"Team Name":"New York Islanders","Year":"2001","Win %":0.00512},{"Epoch Time of Scrape":1724983014548,"Team Name":"New York Islanders","Year":"2001","Win %":0.00512},{"Epoch Time of Scrape":1724983014720,"Team Name":"New York Islanders","Year":"2001","Win %":0.00512},{"Epoch Time of Scrape":1724983014940,"Team Name":"New York Islanders","Year":"2001","Win %":0.00512},{"Epoch Time of Scrape":1724983015054,"Team Name":"New York Islanders","Year":"2001","Win %":0.00512},{"Epoch Time of Scrape":1724983015153,"Team Name":"New York Islanders","Year":"2001","Win %":0.00512},{"Epoch Time of Scrape":1724983015228,"Team Name":"New York Islanders","Year":"2001","Win %":0.00512},{"Epoch Time of Scrape":1724983015313,"Team Name":"New York Islanders","Year":"2001","Win %":0.00512},{"Epoch Time of Scrape":1724983015421,"Team Name":"New York Islanders","Year":"2001","Win %":0.00512},{"Epoch Time of Scrape":1724983015613,"Team Name":"New York Islanders","Year":"2001","Win %":0.00512},{"Epoch Time of Scrape":1724983015798,"Team Name":"New York Islanders","Year":"2001","Win %":0.00512},{"Epoch Time of Scrape":1724983015949,"Team Name":"New York Islanders","Year":"2001","Win %":0.00512},{"Epoch Time of Scrape":1724983016125,"Team Name":"New York Islanders","Year":"2001","Win %":0.00512},{"Epoch Time of Scrape":1724983016316,"Team Name":"New York Islanders","Year":"2001","Win %":0.00512},{"Epoch Time of Scrape":1724983016473,"Team Name":"New York Islanders","Year":"2001","Win %":0.00512},{"Epoch Time of Scrape":1724983016682,"Team Name":"New York Islanders","Year":"2001","Win %":0.00512},{"Epoch Time of Scrape":1724983018719,"Team Name":"New York Islanders","Year":"2001","Win %":0.00512},{"Epoch Time of Scrape":1724983018859,"Team Name":"New York Islanders","Year":"2001","Win %":0.00512},{"Epoch Time of Scrape":1724983018988,"Team Name":"New York Islanders","Year":"2001","Win %":0.00512},{"Epoch Time of Scrape":1724983019112,"Team Name":"New York Islanders","Year":"2001","Win %":0.00512},{"Epoch Time of Scrape":1724983019260,"Team Name":"New York Islanders","Year":"2001","Win %":0.00512},{"Epoch Time of Scrape":1724983019382,"Team Name":"New York Islanders","Year":"2001","Win %":0.00512},{"Epoch Time of Scrape":1724983019466,"Team Name":"New York Islanders","Year":"2001","Win %":0.00512},{"Epoch Time of Scrape":1724983019554,"Team Name":"New York Islanders","Year":"2001","Win %":0.00512},{"Epoch Time of Scrape":1724983019646,"Team Name":"New York Islanders","Year":"2001","Win %":0.00512},{"Epoch Time of Scrape":1724983019753,"Team Name":"New York Islanders","Year":"2001","Win %":0.00512},{"Epoch Time of Scrape":1724983019844,"Team Name":"New York Islanders","Year":"2001","Win %":0.00512},{"Epoch Time of Scrape":1724983019933,"Team Name":"New York Islanders","Year":"2001","Win %":0.00512},{"Epoch Time of Scrape":1724983020030,"Team Name":"New York Islanders","Year":"2001","Win %":0.00512},{"Epoch Time of Scrape":1724983020155,"Team Name":"New York Islanders","Year":"2001","Win %":0.00512},{"Epoch Time of Scrape":1724983020299,"Team Name":"New York Islanders","Year":"2001","Win %":0.00512},{"Epoch Time of Scrape":1724983020407,"Team Name":"New York Islanders","Year":"2001","Win %":0.00512},{"Epoch Time of Scrape":1724983020522,"Team Name":"New York Islanders","Year":"2001","Win %":0.00512},{"Epoch Time of Scrape":1724983020634,"Team Name":"New York Islanders","Year":"2001","Win %":0.00512},{"Epoch Time of Scrape":1724983020805,"Team Name":"New York Islanders","Year":"2001","Win %":0.00512},{"Epoch Time of Scrape":1724983020984,"Team Name":"New York Islanders","Year":"2001","Win %":0.00512},{"Epoch Time of Scrape":1724983021155,"Team Name":"New York Islanders","Year":"2001","Win %":0.00512},{"Epoch Time of Scrape":1724983021313,"Team Name":"New York Islanders","Year":"2001","Win %":0.00512},{"Epoch Time of Scrape":1724983021458,"Team Name":"New York Islanders","Year":"2001","Win %":0.00512},{"Epoch Time of Scrape":1724983021593,"Team Name":"New York Islanders","Year":"2001","Win %":0.00512},{"Epoch Time of Scrape":1724983021732,"Team Name":"New York Islanders","Year":"2001","Win %":0.00512},{"Epoch Time of Scrape":1724983021852,"Team Name":"New York Islanders","Year":"2001","Win %":0.00512}]