[ {
  "Epoch Time of Scrape" : 1725259584033,
  "Team Name" : "Boston Bruins",
  "Year" : "1990",
  "Win %" : 0.0055000000000000005
}, {
  "Epoch Time of Scrape" : 1725259584176,
  "Team Name" : "Boston Bruins",
  "Year" : "1990",
  "Win %" : 0.0055000000000000005
}, {
  "Epoch Time of Scrape" : 1725259584300,
  "Team Name" : "Boston Bruins",
  "Year" : "1990",
  "Win %" : 0.0055000000000000005
}, {
  "Epoch Time of Scrape" : 1725259584419,
  "Team Name" : "Boston Bruins",
  "Year" : "1990",
  "Win %" : 0.0055000000000000005
}, {
  "Epoch Time of Scrape" : 1725259584578,
  "Team Name" : "Boston Bruins",
  "Year" : "1990",
  "Win %" : 0.0055000000000000005
}, {
  "Epoch Time of Scrape" : 1725259584714,
  "Team Name" : "Boston Bruins",
  "Year" : "1990",
  "Win %" : 0.0055000000000000005
}, {
  "Epoch Time of Scrape" : 1725259584867,
  "Team Name" : "Boston Bruins",
  "Year" : "1990",
  "Win %" : 0.0055000000000000005
}, {
  "Epoch Time of Scrape" : 1725259584981,
  "Team Name" : "Boston Bruins",
  "Year" : "1990",
  "Win %" : 0.0055000000000000005
}, {
  "Epoch Time of Scrape" : 1725259585111,
  "Team Name" : "Boston Bruins",
  "Year" : "1990",
  "Win %" : 0.0055000000000000005
}, {
  "Epoch Time of Scrape" : 1725259585231,
  "Team Name" : "Boston Bruins",
  "Year" : "1990",
  "Win %" : 0.0055000000000000005
}, {
  "Epoch Time of Scrape" : 1725259585348,
  "Team Name" : "Boston Bruins",
  "Year" : "1990",
  "Win %" : 0.0055000000000000005
}, {
  "Epoch Time of Scrape" : 1725259585447,
  "Team Name" : "Boston Bruins",
  "Year" : "1990",
  "Win %" : 0.0055000000000000005
}, {
  "Epoch Time of Scrape" : 1725259585561,
  "Team Name" : "Boston Bruins",
  "Year" : "1990",
  "Win %" : 0.0055000000000000005
}, {
  "Epoch Time of Scrape" : 1725259585657,
  "Team Name" : "Boston Bruins",
  "Year" : "1990",
  "Win %" : 0.0055000000000000005
}, {
  "Epoch Time of Scrape" : 1725259585783,
  "Team Name" : "Boston Bruins",
  "Year" : "1990",
  "Win %" : 0.0055000000000000005
}, {
  "Epoch Time of Scrape" : 1725259585923,
  "Team Name" : "Boston Bruins",
  "Year" : "1990",
  "Win %" : 0.0055000000000000005
}, {
  "Epoch Time of Scrape" : 1725259586042,
  "Team Name" : "Boston Bruins",
  "Year" : "1990",
  "Win %" : 0.0055000000000000005
}, {
  "Epoch Time of Scrape" : 1725259586161,
  "Team Name" : "Boston Bruins",
  "Year" : "1990",
  "Win %" : 0.0055000000000000005
}, {
  "Epoch Time of Scrape" : 1725259586289,
  "Team Name" : "Boston Bruins",
  "Year" : "1990",
  "Win %" : 0.0055000000000000005
}, {
  "Epoch Time of Scrape" : 1725259586416,
  "Team Name" : "Boston Bruins",
  "Year" : "1990",
  "Win %" : 0.0055000000000000005
}, {
  "Epoch Time of Scrape" : 1725259586536,
  "Team Name" : "Boston Bruins",
  "Year" : "1990",
  "Win %" : 0.0055000000000000005
}, {
  "Epoch Time of Scrape" : 1725259586649,
  "Team Name" : "Boston Bruins",
  "Year" : "1990",
  "Win %" : 0.0055000000000000005
}, {
  "Epoch Time of Scrape" : 1725259586746,
  "Team Name" : "Boston Bruins",
  "Year" : "1990",
  "Win %" : 0.0055000000000000005
}, {
  "Epoch Time of Scrape" : 1725259586851,
  "Team Name" : "Boston Bruins",
  "Year" : "1990",
  "Win %" : 0.0055000000000000005
}, {
  "Epoch Time of Scrape" : 1725259586956,
  "Team Name" : "Boston Bruins",
  "Year" : "1990",
  "Win %" : 0.0055000000000000005
}, {
  "Epoch Time of Scrape" : 1725259587059,
  "Team Name" : "Boston Bruins",
  "Year" : "1990",
  "Win %" : 0.0055000000000000005
}, {
  "Epoch Time of Scrape" : 1725259588977,
  "Team Name" : "Los Angeles Kings",
  "Year" : "2002",
  "Win %" : 0.00402
}, {
  "Epoch Time of Scrape" : 1725259589123,
  "Team Name" : "Los Angeles Kings",
  "Year" : "2002",
  "Win %" : 0.00402
}, {
  "Epoch Time of Scrape" : 1725259589249,
  "Team Name" : "Los Angeles Kings",
  "Year" : "2002",
  "Win %" : 0.00402
}, {
  "Epoch Time of Scrape" : 1725259589342,
  "Team Name" : "Los Angeles Kings",
  "Year" : "2002",
  "Win %" : 0.00402
}, {
  "Epoch Time of Scrape" : 1725259589448,
  "Team Name" : "Los Angeles Kings",
  "Year" : "2002",
  "Win %" : 0.00402
}, {
  "Epoch Time of Scrape" : 1725259589568,
  "Team Name" : "Los Angeles Kings",
  "Year" : "2002",
  "Win %" : 0.00402
}, {
  "Epoch Time of Scrape" : 1725259589689,
  "Team Name" : "Los Angeles Kings",
  "Year" : "2002",
  "Win %" : 0.00402
}, {
  "Epoch Time of Scrape" : 1725259589823,
  "Team Name" : "Los Angeles Kings",
  "Year" : "2002",
  "Win %" : 0.00402
}, {
  "Epoch Time of Scrape" : 1725259589966,
  "Team Name" : "Los Angeles Kings",
  "Year" : "2002",
  "Win %" : 0.00402
}, {
  "Epoch Time of Scrape" : 1725259590086,
  "Team Name" : "Los Angeles Kings",
  "Year" : "2002",
  "Win %" : 0.00402
}, {
  "Epoch Time of Scrape" : 1725259590221,
  "Team Name" : "Los Angeles Kings",
  "Year" : "2002",
  "Win %" : 0.00402
}, {
  "Epoch Time of Scrape" : 1725259590339,
  "Team Name" : "Los Angeles Kings",
  "Year" : "2002",
  "Win %" : 0.00402
}, {
  "Epoch Time of Scrape" : 1725259590460,
  "Team Name" : "Los Angeles Kings",
  "Year" : "2002",
  "Win %" : 0.00402
}, {
  "Epoch Time of Scrape" : 1725259590556,
  "Team Name" : "Los Angeles Kings",
  "Year" : "2002",
  "Win %" : 0.00402
}, {
  "Epoch Time of Scrape" : 1725259590690,
  "Team Name" : "Los Angeles Kings",
  "Year" : "2002",
  "Win %" : 0.00402
}, {
  "Epoch Time of Scrape" : 1725259590809,
  "Team Name" : "Los Angeles Kings",
  "Year" : "2002",
  "Win %" : 0.00402
}, {
  "Epoch Time of Scrape" : 1725259590908,
  "Team Name" : "Los Angeles Kings",
  "Year" : "2002",
  "Win %" : 0.00402
}, {
  "Epoch Time of Scrape" : 1725259591018,
  "Team Name" : "Los Angeles Kings",
  "Year" : "2002",
  "Win %" : 0.00402
}, {
  "Epoch Time of Scrape" : 1725259591147,
  "Team Name" : "Los Angeles Kings",
  "Year" : "2002",
  "Win %" : 0.00402
}, {
  "Epoch Time of Scrape" : 1725259591247,
  "Team Name" : "Los Angeles Kings",
  "Year" : "2002",
  "Win %" : 0.00402
}, {
  "Epoch Time of Scrape" : 1725259591347,
  "Team Name" : "Los Angeles Kings",
  "Year" : "2002",
  "Win %" : 0.00402
}, {
  "Epoch Time of Scrape" : 1725259591450,
  "Team Name" : "Los Angeles Kings",
  "Year" : "2002",
  "Win %" : 0.00402
}, {
  "Epoch Time of Scrape" : 1725259591540,
  "Team Name" : "Los Angeles Kings",
  "Year" : "2002",
  "Win %" : 0.00402
}, {
  "Epoch Time of Scrape" : 1725259591638,
  "Team Name" : "Los Angeles Kings",
  "Year" : "2002",
  "Win %" : 0.00402
}, {
  "Epoch Time of Scrape" : 1725259591738,
  "Team Name" : "Los Angeles Kings",
  "Year" : "2002",
  "Win %" : 0.00402
}, {
  "Epoch Time of Scrape" : 1725259591821,
  "Team Name" : "Los Angeles Kings",
  "Year" : "2002",
  "Win %" : 0.00402
}, {
  "Epoch Time of Scrape" : 1725259593713,
  "Team Name" : "New York Islanders",
  "Year" : "2001",
  "Win %" : 0.00512
}, {
  "Epoch Time of Scrape" : 1725259593833,
  "Team Name" : "New York Islanders",
  "Year" : "2001",
  "Win %" : 0.00512
}, {
  "Epoch Time of Scrape" : 1725259593956,
  "Team Name" : "New York Islanders",
  "Year" : "2001",
  "Win %" : 0.00512
}, {
  "Epoch Time of Scrape" : 1725259594059,
  "Team Name" : "New York Islanders",
  "Year" : "2001",
  "Win %" : 0.00512
}, {
  "Epoch Time of Scrape" : 1725259594157,
  "Team Name" : "New York Islanders",
  "Year" : "2001",
  "Win %" : 0.00512
}, {
  "Epoch Time of Scrape" : 1725259594268,
  "Team Name" : "New York Islanders",
  "Year" : "2001",
  "Win %" : 0.00512
}, {
  "Epoch Time of Scrape" : 1725259594368,
  "Team Name" : "New York Islanders",
  "Year" : "2001",
  "Win %" : 0.00512
}, {
  "Epoch Time of Scrape" : 1725259594476,
  "Team Name" : "New York Islanders",
  "Year" : "2001",
  "Win %" : 0.00512
}, {
  "Epoch Time of Scrape" : 1725259594613,
  "Team Name" : "New York Islanders",
  "Year" : "2001",
  "Win %" : 0.00512
}, {
  "Epoch Time of Scrape" : 1725259594752,
  "Team Name" : "New York Islanders",
  "Year" : "2001",
  "Win %" : 0.00512
}, {
  "Epoch Time of Scrape" : 1725259594842,
  "Team Name" : "New York Islanders",
  "Year" : "2001",
  "Win %" : 0.00512
}, {
  "Epoch Time of Scrape" : 1725259594948,
  "Team Name" : "New York Islanders",
  "Year" : "2001",
  "Win %" : 0.00512
}, {
  "Epoch Time of Scrape" : 1725259595062,
  "Team Name" : "New York Islanders",
  "Year" : "2001",
  "Win %" : 0.00512
}, {
  "Epoch Time of Scrape" : 1725259595167,
  "Team Name" : "New York Islanders",
  "Year" : "2001",
  "Win %" : 0.00512
}, {
  "Epoch Time of Scrape" : 1725259595299,
  "Team Name" : "New York Islanders",
  "Year" : "2001",
  "Win %" : 0.00512
}, {
  "Epoch Time of Scrape" : 1725259595452,
  "Team Name" : "New York Islanders",
  "Year" : "2001",
  "Win %" : 0.00512
}, {
  "Epoch Time of Scrape" : 1725259595556,
  "Team Name" : "New York Islanders",
  "Year" : "2001",
  "Win %" : 0.00512
}, {
  "Epoch Time of Scrape" : 1725259595668,
  "Team Name" : "New York Islanders",
  "Year" : "2001",
  "Win %" : 0.00512
}, {
  "Epoch Time of Scrape" : 1725259595781,
  "Team Name" : "New York Islanders",
  "Year" : "2001",
  "Win %" : 0.00512
}, {
  "Epoch Time of Scrape" : 1725259595884,
  "Team Name" : "New York Islanders",
  "Year" : "2001",
  "Win %" : 0.00512
}, {
  "Epoch Time of Scrape" : 1725259595973,
  "Team Name" : "New York Islanders",
  "Year" : "2001",
  "Win %" : 0.00512
}, {
  "Epoch Time of Scrape" : 1725259596078,
  "Team Name" : "New York Islanders",
  "Year" : "2001",
  "Win %" : 0.00512
}, {
  "Epoch Time of Scrape" : 1725259596172,
  "Team Name" : "New York Islanders",
  "Year" : "2001",
  "Win %" : 0.00512
}, {
  "Epoch Time of Scrape" : 1725259596293,
  "Team Name" : "New York Islanders",
  "Year" : "2001",
  "Win %" : 0.00512
}, {
  "Epoch Time of Scrape" : 1725259596380,
  "Team Name" : "New York Islanders",
  "Year" : "2001",
  "Win %" : 0.00512
}, {
  "Epoch Time of Scrape" : 1725259596471,
  "Team Name" : "New York Islanders",
  "Year" : "2001",
  "Win %" : 0.00512
}, {
  "Epoch Time of Scrape" : 1725259598258,
  "Team Name" : "New York Islanders",
  "Year" : "2001",
  "Win %" : 0.00512
}, {
  "Epoch Time of Scrape" : 1725259598364,
  "Team Name" : "New York Islanders",
  "Year" : "2001",
  "Win %" : 0.00512
}, {
  "Epoch Time of Scrape" : 1725259598467,
  "Team Name" : "New York Islanders",
  "Year" : "2001",
  "Win %" : 0.00512
}, {
  "Epoch Time of Scrape" : 1725259598556,
  "Team Name" : "New York Islanders",
  "Year" : "2001",
  "Win %" : 0.00512
}, {
  "Epoch Time of Scrape" : 1725259598644,
  "Team Name" : "New York Islanders",
  "Year" : "2001",
  "Win %" : 0.00512
}, {
  "Epoch Time of Scrape" : 1725259598734,
  "Team Name" : "New York Islanders",
  "Year" : "2001",
  "Win %" : 0.00512
}, {
  "Epoch Time of Scrape" : 1725259598830,
  "Team Name" : "New York Islanders",
  "Year" : "2001",
  "Win %" : 0.00512
}, {
  "Epoch Time of Scrape" : 1725259598901,
  "Team Name" : "New York Islanders",
  "Year" : "2001",
  "Win %" : 0.00512
}, {
  "Epoch Time of Scrape" : 1725259598991,
  "Team Name" : "New York Islanders",
  "Year" : "2001",
  "Win %" : 0.00512
}, {
  "Epoch Time of Scrape" : 1725259599076,
  "Team Name" : "New York Islanders",
  "Year" : "2001",
  "Win %" : 0.00512
}, {
  "Epoch Time of Scrape" : 1725259599173,
  "Team Name" : "New York Islanders",
  "Year" : "2001",
  "Win %" : 0.00512
}, {
  "Epoch Time of Scrape" : 1725259599260,
  "Team Name" : "New York Islanders",
  "Year" : "2001",
  "Win %" : 0.00512
}, {
  "Epoch Time of Scrape" : 1725259599359,
  "Team Name" : "New York Islanders",
  "Year" : "2001",
  "Win %" : 0.00512
}, {
  "Epoch Time of Scrape" : 1725259599450,
  "Team Name" : "New York Islanders",
  "Year" : "2001",
  "Win %" : 0.00512
}, {
  "Epoch Time of Scrape" : 1725259599549,
  "Team Name" : "New York Islanders",
  "Year" : "2001",
  "Win %" : 0.00512
}, {
  "Epoch Time of Scrape" : 1725259599671,
  "Team Name" : "New York Islanders",
  "Year" : "2001",
  "Win %" : 0.00512
}, {
  "Epoch Time of Scrape" : 1725259599820,
  "Team Name" : "New York Islanders",
  "Year" : "2001",
  "Win %" : 0.00512
}, {
  "Epoch Time of Scrape" : 1725259599963,
  "Team Name" : "New York Islanders",
  "Year" : "2001",
  "Win %" : 0.00512
}, {
  "Epoch Time of Scrape" : 1725259600037,
  "Team Name" : "New York Islanders",
  "Year" : "2001",
  "Win %" : 0.00512
}, {
  "Epoch Time of Scrape" : 1725259600130,
  "Team Name" : "New York Islanders",
  "Year" : "2001",
  "Win %" : 0.00512
}, {
  "Epoch Time of Scrape" : 1725259600197,
  "Team Name" : "New York Islanders",
  "Year" : "2001",
  "Win %" : 0.00512
}, {
  "Epoch Time of Scrape" : 1725259600286,
  "Team Name" : "New York Islanders",
  "Year" : "2001",
  "Win %" : 0.00512
}, {
  "Epoch Time of Scrape" : 1725259600365,
  "Team Name" : "New York Islanders",
  "Year" : "2001",
  "Win %" : 0.00512
}, {
  "Epoch Time of Scrape" : 1725259600454,
  "Team Name" : "New York Islanders",
  "Year" : "2001",
  "Win %" : 0.00512
}, {
  "Epoch Time of Scrape" : 1725259600564,
  "Team Name" : "New York Islanders",
  "Year" : "2001",
  "Win %" : 0.00512
}, {
  "Epoch Time of Scrape" : 1725259600708,
  "Team Name" : "New York Islanders",
  "Year" : "2001",
  "Win %" : 0.00512
} ]