[ {
  "Epoch Time of Scrape" : 1725259607467,
  "isWinner" : true,
  "Awards" : "2",
  "Year" : 2015,
  "Title" : "Spotlight",
  "Nomination" : "6"
}, {
  "Epoch Time of Scrape" : 1725259607598,
  "isWinner" : true,
  "Awards" : "2",
  "Year" : 2015,
  "Title" : "Spotlight",
  "Nomination" : "6"
}, {
  "Epoch Time of Scrape" : 1725259607725,
  "isWinner" : true,
  "Awards" : "2",
  "Year" : 2015,
  "Title" : "Spotlight",
  "Nomination" : "6"
}, {
  "Epoch Time of Scrape" : 1725259607847,
  "isWinner" : true,
  "Awards" : "2",
  "Year" : 2015,
  "Title" : "Spotlight",
  "Nomination" : "6"
}, {
  "Epoch Time of Scrape" : 1725259607956,
  "isWinner" : true,
  "Awards" : "2",
  "Year" : 2015,
  "Title" : "Spotlight",
  "Nomination" : "6"
}, {
  "Epoch Time of Scrape" : 1725259611178,
  "isWinner" : true,
  "Awards" : "4",
  "Year" : 2014,
  "Title" : "Birdman",
  "Nomination" : "9"
}, {
  "Epoch Time of Scrape" : 1725259611338,
  "isWinner" : true,
  "Awards" : "4",
  "Year" : 2014,
  "Title" : "Birdman",
  "Nomination" : "9"
}, {
  "Epoch Time of Scrape" : 1725259611458,
  "isWinner" : true,
  "Awards" : "4",
  "Year" : 2014,
  "Title" : "Birdman",
  "Nomination" : "9"
}, {
  "Epoch Time of Scrape" : 1725259611589,
  "isWinner" : true,
  "Awards" : "4",
  "Year" : 2014,
  "Title" : "Birdman",
  "Nomination" : "9"
}, {
  "Epoch Time of Scrape" : 1725259611727,
  "isWinner" : true,
  "Awards" : "4",
  "Year" : 2014,
  "Title" : "Birdman",
  "Nomination" : "9"
}, {
  "Epoch Time of Scrape" : 1725259614906,
  "isWinner" : true,
  "Awards" : "3",
  "Year" : 2013,
  "Title" : "12 Years a Slave",
  "Nomination" : "9"
}, {
  "Epoch Time of Scrape" : 1725259615047,
  "isWinner" : true,
  "Awards" : "3",
  "Year" : 2013,
  "Title" : "12 Years a Slave",
  "Nomination" : "9"
}, {
  "Epoch Time of Scrape" : 1725259615186,
  "isWinner" : true,
  "Awards" : "3",
  "Year" : 2013,
  "Title" : "12 Years a Slave",
  "Nomination" : "9"
}, {
  "Epoch Time of Scrape" : 1725259615318,
  "isWinner" : true,
  "Awards" : "3",
  "Year" : 2013,
  "Title" : "12 Years a Slave",
  "Nomination" : "9"
}, {
  "Epoch Time of Scrape" : 1725259615442,
  "isWinner" : true,
  "Awards" : "3",
  "Year" : 2013,
  "Title" : "12 Years a Slave",
  "Nomination" : "9"
}, {
  "Epoch Time of Scrape" : 1725259618608,
  "isWinner" : true,
  "Awards" : "3",
  "Year" : 2012,
  "Title" : "Argo",
  "Nomination" : "7"
}, {
  "Epoch Time of Scrape" : 1725259618746,
  "isWinner" : true,
  "Awards" : "3",
  "Year" : 2012,
  "Title" : "Argo",
  "Nomination" : "7"
}, {
  "Epoch Time of Scrape" : 1725259618871,
  "isWinner" : true,
  "Awards" : "3",
  "Year" : 2012,
  "Title" : "Argo",
  "Nomination" : "7"
}, {
  "Epoch Time of Scrape" : 1725259619018,
  "isWinner" : true,
  "Awards" : "3",
  "Year" : 2012,
  "Title" : "Argo",
  "Nomination" : "7"
}, {
  "Epoch Time of Scrape" : 1725259619152,
  "isWinner" : true,
  "Awards" : "3",
  "Year" : 2012,
  "Title" : "Argo",
  "Nomination" : "7"
}, {
  "Epoch Time of Scrape" : 1725259622417,
  "isWinner" : true,
  "Awards" : "5",
  "Year" : 2011,
  "Title" : "The Artist",
  "Nomination" : "10"
}, {
  "Epoch Time of Scrape" : 1725259622528,
  "isWinner" : true,
  "Awards" : "5",
  "Year" : 2011,
  "Title" : "The Artist",
  "Nomination" : "10"
}, {
  "Epoch Time of Scrape" : 1725259622653,
  "isWinner" : true,
  "Awards" : "5",
  "Year" : 2011,
  "Title" : "The Artist",
  "Nomination" : "10"
}, {
  "Epoch Time of Scrape" : 1725259622774,
  "isWinner" : true,
  "Awards" : "5",
  "Year" : 2011,
  "Title" : "The Artist",
  "Nomination" : "10"
}, {
  "Epoch Time of Scrape" : 1725259622918,
  "isWinner" : true,
  "Awards" : "5",
  "Year" : 2011,
  "Title" : "The Artist",
  "Nomination" : "10"
}, {
  "Epoch Time of Scrape" : 1725259626131,
  "isWinner" : true,
  "Awards" : "4",
  "Year" : 2010,
  "Title" : "The King's Speech",
  "Nomination" : "12"
}, {
  "Epoch Time of Scrape" : 1725259626256,
  "isWinner" : true,
  "Awards" : "4",
  "Year" : 2010,
  "Title" : "The King's Speech",
  "Nomination" : "12"
}, {
  "Epoch Time of Scrape" : 1725259626381,
  "isWinner" : true,
  "Awards" : "4",
  "Year" : 2010,
  "Title" : "The King's Speech",
  "Nomination" : "12"
}, {
  "Epoch Time of Scrape" : 1725259626518,
  "isWinner" : true,
  "Awards" : "4",
  "Year" : 2010,
  "Title" : "The King's Speech",
  "Nomination" : "12"
}, {
  "Epoch Time of Scrape" : 1725259626648,
  "isWinner" : true,
  "Awards" : "4",
  "Year" : 2010,
  "Title" : "The King's Speech",
  "Nomination" : "12"
} ]