{
  "quality_eval": [
    {
      "is_enabled": true,
      "min_limit": 3,
      "max_limit": null,
      "out": "Comment Check.You used {} comments, should be between {} < {}",
      "indicator": "USED_COMMENT"
    },
    {
      "is_enabled": true,
      "min_limit": 1,
      "max_limit": null,
      "out": "WebDriverWait Check.You used {} waits, should be between {} < {}",
      "indicator": "USED_WAIT"
    },
    {
      "is_enabled": true,
      "min_limit": null,
      "max_limit": 20,
      "out": "Sleep statement Check.You used {} sleep statements, should be between {} < {}",
      "indicator": "USED_THREAD_SLEEP"
    },
    {
      "is_enabled": true,
      "min_limit": 3,
      "max_limit": null,
      "out": "System Out Printline or Logging Check.You used {} System out Printline statements, should be between {} < {}",
      "indicator": "USED_SOPL"
    }
  ],
  "instruction_set": [
    {
      "is_enabled": true,
      "test_case_fe": "Test Case 1 - Collect Hockey Score Data",
      "test_case_hint": "Check TestNG Test `testCase01`",
      "testng_test_name": "testCase01",
      "chrome_log_assessment": [
        {
          "validations": [
            {
              "object_notation": "COMMAND",
              "operator": "contains",
              "expected_value": ""
            },
            {
              "object_notation": "COMMAND",
              "operator": "contains",
              "expected_value": ""
            }
          ],
          "join": "AND",
          "success_out": "Collected Hockey Score Data",
          "hint": "Ensure that you follow the instructions and scrape the data correctly"
        }
      ]
    },
    {
      "is_enabled": true,
      "test_case_fe": "Test Case 2 - Collect Film Award Data",
      "test_case_hint": "Check TestNG Test `testCase02`",
      "testng_test_name": "testCase02",
      "chrome_log_assessment": [
        {
          "validations": [
            {
              "object_notation": "COMMAND",
              "operator": "contains",
              "expected_value": ""
            },
            {
              "object_notation": "COMMAND",
              "operator": "contains",
              "expected_value": ""
            }
          ],
          "join": "AND",
          "success_out": "Collected Film Award Data",
          "hint": "Ensure that you follow the instructions and scrape the data correctly"
        }
      ]
    }
  ]
}
